{"pred_boxes": [[0.0, 0.0, 1022.0, 766.0], [141.0, 27.0, 539.0, 453.0], [329.0, 0.0, 483.0, 268.0], [868.0, 612.0, 916.0, 756.0]], "pred_classes": [126, 86, 76, 90], "pred_rel_inds": [[1, 0], [2, 0], [1, 2], [2, 1], [3, 1], [0, 2], [3, 0], [0, 1], [2, 3], [1, 3], [0, 3], [3, 2]], "obj_scores": [0.8429844975471497, 0.8829888701438904, 0.7817622423171997, 0.2858850657939911], "rel_scores": [[0.39966389536857605, 0.043764807283878326, 0.0032313489355146885, 0.004326398950070143, 0.004363694228231907, 0.0035419808700680733, 0.003826142055913806, 0.004967928864061832, 0.009387635625898838, 0.00547042116522789, 0.0032365936785936356, 0.005497789941728115, 0.005199330858886242, 0.004934610798954964, 0.003982868976891041, 0.0054267761297523975, 0.00241873343475163, 0.005752468015998602, 0.004984792787581682, 0.0036461246199905872, 0.005021288525313139, 0.008543562144041061, 0.04481716826558113, 0.004476537462323904, 0.015239475294947624, 0.0025126563850790262, 0.025135107338428497, 0.0054412600584328175, 0.003184059401974082, 0.005120302550494671, 0.005186113994568586, 0.2151505947113037, 0.005150136537849903, 0.0030920703429728746, 0.0060042706318199635, 0.003822851926088333, 0.006363288965076208, 0.007348957005888224, 0.006992266047745943, 0.0036181474570184946, 0.03333727642893791, 0.005166688468307257, 0.006235708948224783, 0.002236715517938137, 0.004763245582580566, 0.006101339589804411, 0.005030003841966391, 0.0034288305323570967, 0.012594283558428288, 0.00679519260302186, 0.0044662198051810265], [0.5488528609275818, 0.020943457260727882, 0.0029166038148105145, 0.0038952447939664125, 0.004177953116595745, 0.0034345234744250774, 0.003382643684744835, 0.005447291303426027, 0.011275134049355984, 0.005483380518853664, 0.0030104368925094604, 0.004411529749631882, 0.004738080780953169, 0.00441533699631691, 0.003854325506836176, 0.004716155584901571, 0.0024989228695631027, 0.005315386224538088, 0.004498187452554703, 0.003350301180034876, 0.005074810236692429, 0.008116308599710464, 0.02483794279396534, 0.004563001915812492, 0.0076828389428555965, 0.0023794423323124647, 0.006011341232806444, 0.004838122520595789, 0.0029269231017678976, 0.013263948261737823, 0.01671268232166767, 0.1385822296142578, 0.004819722380489111, 0.006448501721024513, 0.005543180275708437, 0.0032910106237977743, 0.005903889890760183, 0.006415705196559429, 0.0058873794041574, 0.0029843072406947613, 0.01619330607354641, 0.004463644232600927, 0.005788898095488548, 0.007109554950147867, 0.004135491792112589, 0.0050283330492675304, 0.004191708285361528, 0.0035753417760133743, 0.012429426424205303, 0.00606897845864296, 0.004114194773137569], [0.7295463681221008, 0.0044710650108754635, 0.0019613669719547033, 0.0029540976975113153, 0.002612573327496648, 0.0048869336023926735, 0.0020498717203736305, 0.004978550132364035, 0.07176218181848526, 0.003193259472027421, 0.003754412056878209, 0.005120358429849148, 0.003925776574760675, 0.004658808000385761, 0.0028795453254133463, 0.002670331159606576, 0.004590592812746763, 0.004728302825242281, 0.0030156432185322046, 0.0032896699849516153, 0.009409000165760517, 0.009840083308517933, 0.007732575759291649, 0.005186519119888544, 0.0026107949670404196, 0.001839567325077951, 0.002757107140496373, 0.0048850299790501595, 0.0025601608213037252, 0.0073980712331831455, 0.005425228271633387, 0.005989968776702881, 0.002858469495549798, 0.003436377504840493, 0.0029104657005518675, 0.0015925064217299223, 0.0033775889314711094, 0.00336719723418355, 0.0028135126922279596, 0.0026615355163812637, 0.002613163786008954, 0.0017803455702960491, 0.0039412579499185085, 0.004414828959852457, 0.0029667122289538383, 0.002100943122059107, 0.0015014118980616331, 0.001962218200787902, 0.010800870135426521, 0.004896225873380899, 0.007320741657167673], [0.7402297854423523, 0.0055845133028924465, 0.002136540599167347, 0.0028782242443412542, 0.0030302416998893023, 0.004351044539362192, 0.002187154022976756, 0.005985591560602188, 0.014117258600890636, 0.004518658854067326, 0.0036404661368578672, 0.003432478057220578, 0.003997959196567535, 0.004414453636854887, 0.0025427883956581354, 0.0027308627031743526, 0.004177257418632507, 0.004641804378479719, 0.0034157068002969027, 0.0034001695457845926, 0.0062535651959478855, 0.008294794708490372, 0.009147492237389088, 0.005284787621349096, 0.003599348943680525, 0.001730160554870963, 0.0033055590465664864, 0.004076856654137373, 0.002634229138493538, 0.00880457367748022, 0.0065769306384027, 0.054109152406454086, 0.0033658023457974195, 0.0034475738648325205, 0.0034337223041802645, 0.0018634687876328826, 0.0043913512490689754, 0.0033606349024921656, 0.0032570494804531336, 0.0022185679990798235, 0.0031616734340786934, 0.002202242612838745, 0.004391112364828587, 0.003713418496772647, 0.0026010689325630665, 0.002378410892561078, 0.0018733133329078555, 0.0021379184909164906, 0.008060398511588573, 0.0037480206228792667, 0.005164111498743296], [0.6149704456329346, 0.004437532275915146, 0.0024451054632663727, 0.0038189515471458435, 0.002796337241306901, 0.004735153634101152, 0.0026704203337430954, 0.004896198399364948, 0.008283503353595734, 0.005515430122613907, 0.0035032888408750296, 0.005369517020881176, 0.003534749848768115, 0.003947306890040636, 0.002854621736332774, 0.003852208610624075, 0.0041985237039625645, 0.005092899315059185, 0.003642868250608444, 0.0035278573632240295, 0.004782103002071381, 0.008166223764419556, 0.06327064335346222, 0.005202136933803558, 0.0035882522352039814, 0.002545940922573209, 0.0034924810752272606, 0.0044660200364887714, 0.002759660594165325, 0.005866297986358404, 0.005137233529239893, 0.0053880708292126656, 0.003858606331050396, 0.0032645633909851313, 0.0037455111742019653, 0.0022277168463915586, 0.004698201548308134, 0.004524043295532465, 0.003408476710319519, 0.0029238946735858917, 0.003036824055016041, 0.002591663971543312, 0.004402220714837313, 0.0037159398198127747, 0.0033181633334606886, 0.003034409834071994, 0.0025560492649674416, 0.003371824976056814, 0.12753713130950928, 0.00440011965110898, 0.00462660426273942], [0.7980259656906128, 0.004072306212037802, 0.0009078067960217595, 0.0018634661100804806, 0.0012556021101772785, 0.003920250106602907, 0.0010989843867719173, 0.004504308104515076, 0.009610330685973167, 0.0031877821311354637, 0.0022765090689063072, 0.0035397480241954327, 0.0027130290400236845, 0.003495502285659313, 0.0016623520059511065, 0.001339137670584023, 0.0030945329926908016, 0.00331165362149477, 0.001991660101339221, 0.002218034816905856, 0.007334350608289242, 0.01223317626863718, 0.007135072257369757, 0.004461398348212242, 0.0017683117184787989, 0.0009569910471327603, 0.0015326845459640026, 0.0031647623982280493, 0.0013619037345051765, 0.0063785663805902, 0.024926375597715378, 0.0069877151399850845, 0.0020354290027171373, 0.0023657921701669693, 0.0017987393075600266, 0.0007427279488183558, 0.002924917731434107, 0.001973276725038886, 0.0018870284548029304, 0.001255980459973216, 0.0018464704044163227, 0.0010826129000633955, 0.0027656168676912785, 0.007371876854449511, 0.0015264544636011124, 0.001127061084844172, 0.0008067500311881304, 0.0011053076013922691, 0.011450614780187607, 0.0037684428971260786, 0.0198344886302948], [0.5417864918708801, 0.005740358028560877, 0.0035384634975343943, 0.005304158199578524, 0.0043501583859324455, 0.00379187916405499, 0.06763063371181488, 0.0051400866359472275, 0.026997826993465424, 0.00883030891418457, 0.0032630637288093567, 0.0056601944379508495, 0.00486387312412262, 0.004287365823984146, 0.003824712708592415, 0.006390593480318785, 0.002545766532421112, 0.00627956073731184, 0.005930775310844183, 0.00414761807769537, 0.006785558070987463, 0.007996272295713425, 0.026318591088056564, 0.007795525714755058, 0.009534514509141445, 0.0030915255192667246, 0.0074823591858148575, 0.005351046100258827, 0.0032163907308131456, 0.038966596126556396, 0.005507667548954487, 0.02145274542272091, 0.006599822547286749, 0.00538331363350153, 0.006851494777947664, 0.00470536295324564, 