{"pred_boxes": [[0.0, 432.0, 1008.0, 763.0], [331.0, 407.0, 922.0, 456.0], [448.0, 378.0, 623.0, 528.0], [472.0, 442.0, 598.0, 476.0]], "pred_classes": [114, 7, 26, 76], "pred_rel_inds": [[2, 1], [3, 2], [2, 3], [3, 0], [3, 1], [1, 0], [0, 1], [2, 0], [1, 2], [0, 2], [0, 3], [1, 3]], "obj_scores": [1.0, 1.0, 1.0, 1.0], "rel_scores": [[0.6020601391792297, 0.0029541023541241884, 0.0009669538703747094, 0.0021192990243434906, 0.0015453799860551953, 0.0032812871504575014, 0.0012727143475785851, 0.0038177678361535072, 0.0080120749771595, 0.0035446910187602043, 0.0026943839620798826, 0.00537933548912406, 0.002293739700689912, 0.0027531241066753864, 0.0015708341961726546, 0.0018505614716559649, 0.0029079080559313297, 0.0035606659948825836, 0.0023064480628818274, 0.0026919464580714703, 0.006355875637382269, 0.010079446248710155, 0.007088151760399342, 0.004523083567619324, 0.0018947722855955362, 0.001059478148818016, 0.0019892090931534767, 0.0028210871387273073, 0.001166467904113233, 0.029454097151756287, 0.005465913098305464, 0.20007415115833282, 0.0022186744026839733, 0.0018475997494533658, 0.0023418175987899303, 0.01979071833193302, 0.002968813758343458, 0.00242451298981905, 0.002667967928573489, 0.0016297361580654979, 0.001969180768355727, 0.001376864849589765, 0.0027558784931898117, 0.0028240522369742393, 0.001773119787685573, 0.001541187521070242, 0.0013835383579134941, 0.0014451721217483282, 0.010475694201886654, 0.004234822001308203, 0.004775453824549913], [0.5180646181106567, 0.013313123025000095, 0.0014851393643766642, 0.002710032043978572, 0.002274578670039773, 0.002849832409992814, 0.0015724578406661749, 0.005402734503149986, 0.010683977045118809, 0.005754648707807064, 0.002869692165404558, 0.004126118961721659, 0.0036475900560617447, 0.003895494621247053, 0.0018476478289812803, 0.0030230472330003977, 0.004111126065254211, 0.007905015721917152, 0.0033768699504435062, 0.0034684324637055397, 0.005119974724948406, 0.007986091077327728, 0.02046307921409607, 0.004253119230270386, 0.0042100041173398495, 0.0011367927072569728, 0.0037378831766545773, 0.0037339869886636734, 0.0032283638138324022, 0.014544924721121788, 0.05682440474629402, 0.1808813214302063, 0.021135985851287842, 0.0017839408246800303, 0.004844901617616415, 0.0020368213299661875, 0.005581654142588377, 0.003735215635970235, 0.004329274874180555, 0.00218887347728014, 0.003034449415281415, 0.0022644514683634043, 0.007744394242763519, 0.0024032918736338615, 0.002102289581671357, 0.0032304779160767794, 0.002531573176383972, 0.0019126610131934285, 0.011886565946042538, 0.004737119656056166, 0.004013990983366966], [0.6515162587165833, 0.003421435132622719, 0.0011710148537531495, 0.002665185369551182, 0.0018464501481503248, 0.004059177823364735, 0.0027376634534448385, 0.004045656882226467, 0.008045228198170662, 0.004051458556205034, 0.0028634825721383095, 0.008198215626180172, 0.0035530603490769863, 0.004236479289829731, 0.002035413635894656, 0.0028721813578158617, 0.002991792978718877, 0.004743209108710289, 0.0027416935190558434, 0.00299669592641294, 0.12459900975227356, 0.011902549304068089, 0.006886681076139212, 0.004502291791141033, 0.0027934671379625797, 0.001284237252548337, 0.0025664176791906357, 0.004635191522538662, 0.0015804440481588244, 0.012715122662484646, 0.006349537521600723, 0.005894980393350124, 0.0029722482431679964, 0.0021916236728429794, 0.0033141481690108776, 0.001779805519618094, 0.0036325419787317514, 0.0034352783113718033, 0.003925209399312735, 0.002555473707616329, 0.002474976470693946, 0.0016133141471073031, 0.0036801504902541637, 0.004952724557369947, 0.0025164750404655933, 0.002131572924554348, 0.001926714088767767, 0.0017738121096044779, 0.017910785973072052, 0.007285906467586756, 0.023425603285431862], [0.5560729503631592, 0.01182042621076107, 0.009770717471837997, 0.004304941277951002, 0.004826664924621582, 0.0033846748992800713, 0.003343269694596529, 0.004876972641795874, 0.007807573769241571, 0.005883567966520786, 0.0030894221272319555, 0.005780605599284172, 0.005389710422605276, 0.0045891753397881985, 0.003631958505138755, 0.0053641353733837605, 0.0024153415579348803, 0.005337956361472607, 0.00511280819773674, 0.0035534417256712914, 0.005000727716833353, 0.006956296507269144, 0.04513058811426163, 0.003783297259360552, 0.0076060825958848, 0.002776527777314186, 0.006554777733981609, 0.005212915595620871, 0.0031006517820060253, 0.020217260345816612, 0.005583140533417463, 0.10801468044519424, 0.005081606563180685, 0.0023304319474846125, 0.006829173304140568, 0.005186771508306265, 0.0056495750322937965, 0.007872280664741993, 0.008340079337358475, 0.0036912704817950726, 0.0048135207034647465, 0.0173123050481081, 0.005723214708268642, 0.0018087208736687899, 0.004457233473658562, 0.0074008759111166, 0.007831555791199207, 0.004159090109169483, 0.013518160209059715, 0.007879122160375118, 0.003821898717433214], [0.6536263823509216, 0.0027942550368607044, 0.0011598062701523304, 0.0026214199606329203, 0.001709566917270422, 0.003472530283033848, 0.0015720764640718699, 0.004839587491005659, 0.007787574082612991, 0.0038194209337234497, 0.0036542026791721582, 0.004947751294821501, 0.0024470731150358915, 0.0030364433769136667, 0.0018730520969256759, 0.002269352087751031, 0.003594888374209404, 0.004156007431447506, 0.002540174638852477, 0.003526469925418496, 0.006693659815937281, 0.009186077862977982, 0.006386227440088987, 0.005536449607461691, 0.002182798460125923, 0.0013074881862848997, 0.0024542189203202724, 0.0032295899000018835, 0.0016031761188060045, 0.07987269014120102, 0.005971429869532585, 0.10440544784069061, 0.0027069111820310354, 0.0016708187758922577, 0.003010192885994911, 0.0013605947606265545, 0.0036461008712649345, 0.00258278613910079, 0.0025216874200850725, 0.0020332157146185637, 0.002069766167551279, 0.0014662626199424267, 0.0035235602408647537, 0.004585502203553915, 0.0018995468271896243, 0.0017664554761722684, 0.0013370757224038243, 0.0018556006252765656, 0.008648177608847618, 0.003756403923034668, 0.005282104946672916], [0.6267251968383789, 0.00415844889357686, 0.0032662800513207912, 0.025412874296307564, 0.004725947044789791, 0.0033410522155463696, 0.0028896259609609842, 0.004689084365963936, 0.007777126040309668, 0.004794851876795292, 0.002568935975432396, 0.0045409235171973705, 0.004911665804684162, 0.004207483027130365, 0.003224194748327136, 0.004316173493862152, 0.00245031644590199, 0.004447856917977333, 0.00435922434553504, 0.00311785819940269, 0.033261846750974655, 0.006160708609968424, 0.06319732218980789, 0.0030655416194349527, 0.005817709024995565, 0.0025249726604670286, 0.004665970802307129, 0.0043067228980362415, 0.0027990336529910564, 0.004535440355539322, 0.004620480816811323, 0.04673385247588158, 0.004095824901014566, 0.002876326674595475, 0.005364819895476103, 0.004407493397593498, 0.004256087355315685, 0.006232731975615025, 0.006577636115252972, 0.0031793343368917704, 0.004135841969400644, 0.0048053874634206295, 0.004442356526851654, 0.0013874793658033013, 0.0037312940694391727, 0.005350873339921236, 0.005910022649914026, 0.0037185854744166136, 0.011670900508761406, 0.0069603100419044495, 0.0032818466424942017], [0.7063330411911011, 0.003063603537157178, 0.0013453225838020444, 0.002466550562530756, 0.002074349671602249, 0.003514680312946439, 0.0015660448698326945, 0.003917769528925419, 0.005923822056502104, 0.0033458340913057327, 0.002647989895194769, 0.005403820425271988, 0.0032519851811230183, 0.003505006665363908, 0.002186375670135021, 0.0020707235671579838, 0.0033911888021975756, 0.003703275229781866, 0.0025640486273914576, 0.0026517524383962154, 0.007630272768437862, 0.008982479572296143, 0.006241194438189268, 0.004368208348751068, 0.0024506114423274994, 0.0014813275774940848, 0.002412120345979929, 0.0036682221107184887, 0.001643177354708314, 0.05049947276711464, 0.005423835013061762, 0.06309045851230621, 0.002457939786836505, 0.001975368009880185, 0.0027769028674811125, 0.0017466366989538074, 0.003161490196362138, 0.0028042125049978495, 