{"pred_boxes": [[0.0, 0.0, 1023.0, 767.0], [296.0, 43.0, 892.0, 642.0]], "pred_classes": [126, 97], "pred_rel_inds": [[1, 0], [0, 1]], "obj_scores": [1.0, 1.0], "rel_scores": [[0.4620366394519806, 0.03266024589538574, 0.0011912535410374403, 0.0031178996432572603, 0.0019049799302592874, 0.003597586415708065, 0.00306775257922709, 0.0032193551305681467, 0.008326317183673382, 0.00504367845132947, 0.0021322069223970175, 0.008115996606647968, 0.0036119595170021057, 0.0031411373056471348, 0.002066083485260606, 0.003184829605743289, 0.0011971129570156336, 0.0038467892445623875, 0.0031490435358136892, 0.0019322829321026802, 0.0045937406830489635, 0.01210490707308054, 0.03387777507305145, 0.003947432152926922, 0.009240051731467247, 0.0013351907255128026, 0.005684990435838699, 0.0034254728816449642, 0.0013796370476484299, 0.004359353333711624, 0.011836185120046139, 0.23423351347446442, 0.0040253340266644955, 0.0017479342641308904, 0.004720264580100775, 0.0026392920408397913, 0.005107065662741661, 0.0061725289560854435, 0.008765545673668385, 0.0018504718318581581, 0.022661840543150902, 0.004847184754908085, 0.004172672517597675, 0.0018012351356446743, 0.0030342915561050177, 0.004683982115238905, 0.0052344175055623055, 0.002293806755915284, 0.020633550360798836, 0.007649301551282406, 0.005398011300712824], [0.6760241985321045, 0.0033592069521546364, 0.0006634492892771959, 0.0021805539727211, 0.001144738751463592, 0.004257075488567352, 0.0013310894137248397, 0.0033733760938048363, 0.011604880914092064, 0.0028356234543025494, 0.0023269944358617067, 0.012607050128281116, 0.002970812376588583, 0.00348679069429636, 0.0016743834130465984, 0.0016342047601938248, 0.002108885906636715, 0.00368301454000175, 0.0019480071496218443, 0.001717692706733942, 0.027272719889879227, 0.046017035841941833, 0.012160047888755798, 0.006677953526377678, 0.002667406341060996, 0.0008956599049270153, 0.0022143307141959667, 0.003963717259466648, 0.0010100650833919644, 0.010501156561076641, 0.006592672783881426, 0.02352217212319374, 0.0022840220481157303, 0.001434692065231502, 0.0023261012975126505, 0.0010129575384780765, 0.003331115934997797, 0.003262788522988558, 0.003760429797694087, 0.001466018846258521, 0.002554614096879959, 0.0013379394076764584, 0.0030949620995670557, 0.020876029506325722, 0.002165961777791381, 0.0015615506563335657, 0.00115762569475919, 0.0013914486626163125, 0.027665715664625168, 0.008206733502447605, 0.026681974530220032]]}