{"pred_boxes": [[0.0, 432.0, 1008.0, 763.0], [331.0, 407.0, 922.0, 456.0], [448.0, 378.0, 623.0, 528.0], [472.0, 442.0, 598.0, 476.0]], "pred_classes": [124, 145, 22, 145], "pred_rel_inds": [[3, 2], [1, 2], [2, 3], [2, 1], [2, 0], [1, 0], [3, 0], [0, 2], [3, 1], [1, 3], [0, 1], [0, 3]], "obj_scores": [0.7458788156509399, 0.6078439950942993, 0.7522299885749817, 0.4844495952129364], "rel_scores": [[0.4027421474456787, 0.005382420029491186, 0.0014484687708318233, 0.002545789582654834, 0.0024836533702909946, 0.0026577075477689505, 0.0015776443760842085, 0.01324179396033287, 0.010367952287197113, 0.007869235239923, 0.0026683795731514692, 0.0038891597650945187, 0.003381434828042984, 0.003754513571038842, 0.0017857830971479416, 0.0028454475104808807, 0.002326151356101036, 0.004743595141917467, 0.0031061158515512943, 0.0031695677898824215, 0.0066878702491521835, 0.007564442697912455, 0.0806625634431839, 0.01088685728609562, 0.0039078607223927975, 0.0010573314502835274, 0.0035237239208072424, 0.0035491313319653273, 0.0018439695704728365, 0.025825677439570427, 0.05250706523656845, 0.23840300738811493, 0.0036863302811980247, 0.0017147304024547338, 0.004541332833468914, 0.0018562000477686524, 0.014133810065686703, 0.0035515506751835346, 0.004128078930079937, 0.002066016662865877, 0.0027648243121802807, 0.00203864392824471, 0.006847732234746218, 0.0022675718646496534, 0.002019944367930293, 0.0030002123676240444, 0.0022991145960986614, 0.0017798901535570621, 0.013550096191465855, 0.004600163549184799, 0.004747333470731974], [0.5940740704536438, 0.003860214725136757, 0.0005640613962896168, 0.0010127518326044083, 0.0011363273952156305, 0.002221587812528014, 0.0005370014114305377, 0.011631804518401623, 0.011268256232142448, 0.002802898408845067, 0.0019573525059968233, 0.00196585594676435, 0.0018121448811143637, 0.0026127020828425884, 0.000776534725446254, 0.0008628217619843781, 0.002568115945905447, 0.0027882482390850782, 0.001295560272410512, 0.0020243264734745026, 0.007951272651553154, 0.007302957121282816, 0.05446046590805054, 0.009145240299403667, 0.0009208348346874118, 0.0003766704467125237, 0.0008657180587761104, 0.0019814481493085623, 0.0008594000828452408, 0.028009552508592606, 0.033421892672777176, 0.16810813546180725, 0.0011940998956561089, 0.0015511534875258803, 0.0014424500986933708, 0.00044609635369852185, 0.004759793169796467, 0.0010552374878898263, 0.0010879953624680638, 0.0008061049738898873, 0.0009272099123336375, 0.000460488983662799, 0.0030662401113659143, 0.0019410676322877407, 0.0007180444081313908, 0.0005182136665098369, 0.00035535896313376725, 0.0006084434571675956, 0.01018400676548481, 0.002360738581046462, 0.005340981297194958], [0.5963739156723022, 0.0034588079433888197, 0.001135955797508359, 0.002677401527762413, 0.001819596509449184, 0.004129698965698481, 0.0015278049977496266, 0.004174935165792704, 0.009592720307409763, 0.004191592335700989, 0.00285294814966619, 0.008002045564353466, 0.003660638350993395, 0.004189982078969479, 0.0020204102620482445, 0.0028366155456751585, 0.0030908859334886074, 0.004739376250654459, 0.0027457799296826124, 0.002967145526781678, 0.17049996554851532, 0.01149990875273943, 0.009309273213148117, 0.00465727411210537, 0.0028468002565205097, 0.0012967512011528015, 0.002546623582020402, 0.005162219516932964, 0.001553763635456562, 0.007104536518454552, 0.007245946209877729, 0.008411218412220478, 0.0029632544610649347, 0.002180305076763034, 0.003255444811657071, 0.0017842815723270178, 0.003613712964579463, 0.0033485705498605967, 0.0038570226170122623, 0.0024837551172822714, 0.0024664271622896194, 0.001569060143083334, 0.003663694253191352, 0.0028155825566500425, 0.002481931820511818, 0.002082077320665121, 0.0019113643793389201, 0.0017922826809808612, 0.017370887100696564, 0.006977931130677462, 0.035060033202171326], [0.7222370505332947, 0.0025814585387706757, 0.000569988158531487, 0.0014949970645830035, 0.0010075882310047746, 0.0029011887963861227, 0.0007799839368090034, 0.0036631012335419655, 0.01042262278497219, 0.002979844342917204, 0.002309914445504546, 0.004062056541442871, 0.0017861982341855764, 0.002250353805720806, 0.0009973112028092146, 0.0011732217390090227, 0.002752716885879636, 0.0029637778643518686, 0.0016406448557972908, 0.002125183818861842, 0.11499561369419098, 0.009994282387197018, 0.00897813867777586, 0.004426468163728714, 0.0012748630251735449, 0.0006354700890369713, 0.0012892191298305988, 0.0024455678649246693, 0.0008001149981282651, 0.007972628809511662, 0.006370249204337597, 0.008055607788264751, 0.0016018662136048079, 0.0014084677677601576, 0.001636873697862029, 0.0008173530222848058, 0.0023757233284413815, 0.0015498405555263162, 0.0017775179585441947, 0.0010272759245708585, 0.0013736995169892907, 0.0007877870230004191, 0.0021401226986199617, 0.0027822551783174276, 0.0010988129070028663, 0.0008795123430900276, 0.0007624222780577838, 0.0008892817422747612, 0.009239904582500458, 0.0030146106146275997, 0.02689945138990879], [0.6262232065200806, 0.0048635429702699184, 0.0120793916285038, 0.0034871045500040054, 0.021218037232756615, 0.0031575157772749662, 0.0029453085735440254, 0.0038589229807257652, 0.014128975570201874, 0.005184410605579615, 0.0028482992202043533, 0.005369678605347872, 0.005060485564172268, 0.0041422294452786446, 0.003079278627410531, 0.0044241417199373245, 0.0020064401905983686, 0.004418704658746719, 0.004701192956417799, 0.002745794365182519, 0.0054260180331766605, 0.006757024675607681, 0.02823944389820099, 0.003773012664169073, 0.0064467983320355415, 0.0024360583629459143, 0.005238094367086887, 0.004227818921208382, 0.002402382669970393, 0.040222350507974625, 0.00489505659788847, 0.04444226250052452, 0.004327758681029081, 0.003442546119913459, 0.005429551005363464, 0.005323261953890324, 0.004699294921010733, 0.007567454129457474, 0.009134653024375439, 0.0029626297764480114, 0.004616876598447561, 0.005936141591519117, 0.004757389426231384, 0.0010471837595105171, 0.003935753833502531, 0.006897361949086189, 0.00852122437208891, 0.0036246194504201412, 0.015350854955613613, 0.008613221347332, 0.0033630961552262306], [0.7182993292808533, 0.004282249603420496, 0.006170975510030985, 0.003837800584733486, 0.005487186834216118, 0.003579881973564625, 0.0031057409942150116, 0.005060431081801653, 0.008755163289606571, 0.005020183511078358, 0.002700904617086053, 0.005387113895267248, 0.005783990491181612, 0.004884446505457163, 0.0037041797768324614, 0.005204918794333935, 0.002458202885463834, 0.00511344475671649, 0.004970690235495567, 0.0032485462725162506, 0.005242215469479561, 0.007044961676001549, 0.010340412147343159, 0.0031937535386532545, 0.006736274808645248, 0.002708829240873456, 0.0054932706989347935, 0.005024427082389593, 0.003059344133362174, 0.0046847821213305, 0.004751609172672033, 0.02407892979681492, 0.004485594108700752, 0.0030174278654158115, 0.006306210067123175, 0.005057854577898979, 0.004570100922137499, 0.008019178174436092, 0.008124391548335552, 0.0036500399000942707, 0.004625788889825344, 0.0054995398968458176, 0.005116533022373915, 0.0012859557755291462, 0.004504709504544735, 0.0065126544795930386, 0.007192366756498814, 0.004113351460546255, 0.01568346656858921, 0.009073427878320217, 0.0037471321411430836], [0.6800544857978821, 0.004133470822125673, 0.006167316809296608, 0.004798784852027893, 0.00540513452142477, 0.0037564588710665703, 0.0035977656953036785, 0.005409182049334049, 0.008602836169302464, 0.00622920598834753, 0.003431264078244567, 0.006548972800374031, 0.006009591743350029, 0.005186296533793211, 0.004186646547168493, 0.006135620176792145, 0.0026536269579082727, 0.005978141445666552, 0.005566045176237822, 0.003805495798587799, 0.00580145139247179, 0.007803869899362326, 0.011750992387533188, 0.004180557560175657, 0.00838301982730627, 0.003070188220590353, 0.00728860916569829, 0.005887654144316912, 0.0034451340325176716, 0.00503111444413662, 0.005952166393399239, 0.026883486658334732, 0.005519775673747063, 0.0024562289472669363, 0.007797100581228733, 