{"pred_boxes": [[0.0, 0.0, 1023.0, 767.0], [296.0, 43.0, 892.0, 642.0]], "pred_classes": [90, 90], "pred_rel_inds": [[0, 1], [1, 0]], "obj_scores": [0.6334298849105835, 0.38699138164520264], "rel_scores": [[0.7334645986557007, 0.0029989273753017187, 0.0009167921962216496, 0.0025231027975678444, 0.001445341156795621, 0.004686977248638868, 0.0018190169939771295, 0.0030267101246863604, 0.010917234234511852, 0.0029951492324471474, 0.002539427485316992, 0.013215613551437855, 0.003430680138990283, 0.003818734548985958, 0.0019589641597121954, 0.002118402626365423, 0.001960444264113903, 0.00394766079261899, 0.0023058452643454075, 0.0021237863693386316, 0.007967032492160797, 0.04350768402218819, 0.009655420668423176, 0.00845869816839695, 0.003147768322378397, 0.0011877542128786445, 0.002708825981244445, 0.003940677270293236, 0.0011904038256034255, 0.007049650885164738, 0.009739449247717857, 0.006994206923991442, 0.002917171223089099, 0.0015863538719713688, 0.0028786861803382635, 0.0013968636048957705, 0.0038805026561021805, 0.004318553954362869, 0.004704595077782869, 0.0019183949334546924, 0.003424924798309803, 0.0018579361494630575, 0.0037067020311951637, 0.0027371051255613565, 0.0026239308062940836, 0.0022076957393437624, 0.0017220841255038977, 0.0018894121749326587, 0.028572380542755127, 0.008955043740570545, 0.010940659791231155], [0.704510509967804, 0.0038807857781648636, 0.0014562673168256879, 0.003446943359449506, 0.0022357492707669735, 0.0037991430144757032, 0.002930055372416973, 0.0033417060039937496, 0.0116638895124197, 0.006170803215354681, 0.0025150859728455544, 0.008318278938531876, 0.0036952239461243153, 0.003630623687058687, 0.0021054248791188, 0.0035461855586618185, 0.001323812990449369, 0.0041878907941281796, 0.0037017653230577707, 0.0025137371849268675, 0.004005997441709042, 0.024428000673651695, 0.018797608092427254, 0.006529876962304115, 0.008301451802253723, 0.001602319534868002, 0.006140683777630329, 0.0036385194398462772, 0.0016112499870359898, 0.006383517291396856, 0.014595617540180683, 0.011850982904434204, 0.005257758311927319, 0.0014804983511567116, 0.005423121154308319, 0.003213190706446767, 0.00666368193924427, 0.006850725505501032, 0.010196425952017307, 0.0020990294869989157, 0.007387847639620304, 0.006057639140635729, 0.005142115522176027, 0.001306238817051053, 0.003020978532731533, 0.005730582866817713, 0.0067039672285318375, 0.0028201306704431772, 0.01920243725180626, 0.007492247968912125, 0.007091978564858437]]}