{"pred_boxes": [[0.0, 412.0, 1023.0, 666.0], [820.0, 391.0, 890.0, 471.0]], "pred_classes": [9, 77], "pred_rel_inds": [[0, 1], [1, 0]], "obj_scores": [0.6021493077278137, 0.6884212493896484], "rel_scores": [[0.8129018545150757, 0.002819690154865384, 0.0005324155790731311, 0.0014000392984598875, 0.0008288553799502552, 0.0033414277713745832, 0.0007272784132510424, 0.003430131124332547, 0.00850358884781599, 0.002405292121693492, 0.0023914496414363384, 0.003306352999061346, 0.0018468961352482438, 0.0024747338611632586, 0.0011256381403654814, 0.000906112720258534, 0.003428806783631444, 0.0029756566509604454, 0.0014469106681644917, 0.0015978404553607106, 0.061175908893346786, 0.008937469683587551, 0.004627743735909462, 0.0046025896444916725, 0.001393250422552228, 0.0007586430292576551, 0.001109201810322702, 0.002133683767169714, 0.0009958137525245547, 0.005653011612594128, 0.006389983929693699, 0.005022543948143721, 0.0014196505071595311, 0.001666499301791191, 0.0012271798914298415, 0.0005678024608641863, 0.002236157888546586, 0.001247487380169332, 0.0012675918405875564, 0.0009298103395849466, 0.0013214878272265196, 0.0006115432479418814, 0.0019136470509693027, 0.005401399452239275, 0.0010991498129442334, 0.0006799919647164643, 0.0005146401235833764, 0.000790863879956305, 0.007615653797984123, 0.002862613881006837, 0.005436261184513569], [0.7980131506919861, 0.0036564143374562263, 0.0017835055477917194, 0.002851583529263735, 0.002605457091704011, 0.004352507647126913, 0.0016184889245778322, 0.00523441843688488, 0.013895420357584953, 0.003968746867030859, 0.00337207387201488, 0.00427245395258069, 0.004383301828056574, 0.004057784099131823, 0.0028619784861803055, 0.002914060838520527, 0.003543343860656023, 0.0051493532955646515, 0.0031348937191069126, 0.002583786379545927, 0.006305065471678972, 0.008905744180083275, 0.006295037921518087, 0.004177919123321772, 0.0038324357010424137, 0.0015281406231224537, 0.0034227550495415926, 0.004188269842416048, 0.002162244403734803, 0.006402740720659494, 0.005911176558583975, 0.005269285291433334, 0.0029166939202696085, 0.002467879792675376, 0.003785416018217802, 0.001711963559500873, 0.004020926542580128, 0.003885742276906967, 0.003637142013758421, 0.002402304671704769, 0.002807929180562496, 0.0020114893559366465, 0.003931023180484772, 0.003251150716096163, 0.002888218266889453, 0.002267625415697694, 0.0018811461050063372, 0.002119373297318816, 0.01040069479495287, 0.0057589509524405, 0.005200526211410761]]}