{"pred_boxes": [[0.0, 0.0, 1022.0, 766.0], [141.0, 27.0, 539.0, 453.0], [329.0, 0.0, 483.0, 268.0], [868.0, 612.0, 916.0, 756.0]], "pred_classes": [126, 4, 4, 59], "pred_rel_inds": [[1, 0], [2, 0], [1, 3], [2, 3], [3, 1], [3, 2], [3, 0], [2, 1], [1, 2], [0, 2], [0, 1], [0, 3]], "obj_scores": [1.0, 1.0, 1.0, 1.0], "rel_scores": [[0.43851804733276367, 0.045275457203388214, 0.0032276895362883806, 0.004484259523451328, 0.004463981371372938, 0.003614287357777357, 0.003891680622473359, 0.005182113032788038, 0.010121353901922703, 0.005827342160046101, 0.0032190850470215082, 0.005932992789894342, 0.0055913119576871395, 0.005207492504268885, 0.0040687439031898975, 0.005676403641700745, 0.002368232002481818, 0.006173114757984877, 0.005258511286228895, 0.00846860557794571, 0.005137084983289242, 0.009492095559835434, 0.02833518385887146, 0.004535474348813295, 0.00897278729826212, 0.002459482057020068, 0.007647174876183271, 0.005793656688183546, 0.003224052954465151, 0.014383463189005852, 0.01220162957906723, 0.18568789958953857, 0.0053577120415866375, 0.0030806141439825296, 0.006379906088113785, 0.0039047927130013704, 0.006750152911990881, 0.007936734706163406, 0.0076058488339185715, 0.0037236616481095552, 0.018738672137260437, 0.005451371893286705, 0.006613343488425016, 0.012817898765206337, 0.00504218740388751, 0.006565151736140251, 0.005333540495485067, 0.003456483595073223, 0.014535480178892612, 0.007585674524307251, 0.004680180456489325], [0.5001713037490845, 0.043373074382543564, 0.002719560405239463, 0.0036875149235129356, 0.0039727892726659775, 0.003257187083363533, 0.003069702535867691, 0.005343087948858738, 0.01133309118449688, 0.005201387219130993, 0.0027846982702612877, 0.004283323418349028, 0.004651322029531002, 0.004276576451957226, 0.003680484602227807, 0.0045132809318602085, 0.0023298233281821012, 0.005265101790428162, 0.004277416504919529, 0.00712871178984642, 0.004917399026453495, 0.008052580058574677, 0.024223916232585907, 0.004253359977155924, 0.007407571189105511, 0.002126158680766821, 0.005832996219396591, 0.004758154507726431, 0.0027333437465131283, 0.01527173537760973, 0.011245476081967354, 0.1721116155385971, 0.004504750017076731, 0.0025960993953049183, 0.005361011251807213, 0.003026492428034544, 0.005570573732256889, 0.006222503259778023, 0.005652213469147682, 0.002830331912264228, 0.01512895617634058, 0.004137164913117886, 0.005555052775889635, 0.012204863131046295, 0.003983792848885059, 0.004768829792737961, 0.0038600917905569077, 0.0032970106694847345, 0.01292431354522705, 0.006102489773184061, 0.00401974655687809], [0.6073906421661377, 0.005510785151273012, 0.0023161026183515787, 0.00237634708173573, 0.002866659313440323, 0.0039056900423020124, 0.002059909515082836, 0.00429232744500041, 0.0093850027769804, 0.0026323662605136633, 0.002431652043014765, 0.0032972334884107113, 0.003724618349224329, 0.0042205736972391605, 0.0027883280999958515, 0.0024031163193285465, 0.0032332807313650846, 0.00391109474003315, 0.003036120440810919, 0.01245162170380354, 0.17113204300403595, 0.007665182929486036, 0.006654817145317793, 0.0037521275226026773, 0.0023479561787098646, 0.0015719012590125203, 0.002553114900365472, 0.0037347732577472925, 0.002142408164218068, 0.005387133918702602, 0.003436512313783169, 0.005081389099359512, 0.002172701759263873, 0.004413958173245192, 0.002510600257664919, 0.0014644759939983487, 0.002701888559386134, 0.0032727790530771017, 0.002373520517721772, 0.0021772817708551884, 0.0026667353231459856, 0.001841709134168923, 0.0033475353848189116, 0.002446018857881427, 0.002585349604487419, 0.002051413059234619, 0.0013282587751746178, 0.0019522388465702534, 0.00832773745059967, 0.004123075399547815, 0.048550188541412354], [0.6895562410354614, 0.004729351028800011, 0.0017311971168965101, 0.0018017549300566316, 0.0022238201927393675, 0.0029964454006403685, 0.001473404816351831, 0.0033721989020705223, 0.008423501625657082, 0.0020179313141852617, 0.0018113296246156096, 0.002443869598209858, 0.002995001384988427, 0.0031426011119037867, 0.002156074857339263, 0.0018699602223932743, 0.0027911714278161526, 0.0030971697997301817, 0.0021617377642542124, 0.008377568796277046, 0.1371062844991684, 0.006041869055479765, 0.005490655545145273, 0.002822757698595524, 0.0017995827365666628, 0.0011954285437241197, 0.0018627189565449953, 0.002773274900391698, 0.0015319583471864462, 0.004401822574436665, 0.0031038227025419474, 0.004214519169181585, 0.0016035932349041104, 0.0031586308032274246, 0.001899433322250843, 0.0010817341972142458, 0.0019337486010044813, 0.002629667054861784, 0.0018319051014259458, 0.0015835353406146169, 0.0020034501794725657, 0.0014058435335755348, 0.0023205126635730267, 0.0021891603246331215, 0.0020608550403267145, 0.0015671222936362028, 0.0010166986612603068, 0.001700927852652967, 0.007598976604640484, 0.0036094910465180874, 0.0372878834605217], [0.6087409853935242, 0.015000575222074986, 0.0019157360075041652, 0.003150788601487875, 0.00232747383415699, 0.004452611785382032, 0.002035047160461545, 0.03366238251328468, 0.009316458366811275, 0.00469221081584692, 0.0031827420461922884, 0.004542599432170391, 0.003144406946375966, 0.0035570061299949884, 0.002429758431389928, 0.0030146362259984016, 0.010647186078131199, 0.004689984954893589, 0.0029988051392138004, 0.0030264435335993767, 0.00501798652112484, 0.00826647412031889, 0.005799764767289162, 0.005067626480013132, 0.0028889488894492388, 0.001907981582917273, 0.00279538007453084, 0.0040369825437664986, 0.00228286674246192, 0.015644513070583344, 0.061848532408475876, 0.08702795952558517, 0.0030946123879402876, 0.007307874038815498, 0.0030927625484764576, 0.0016050436533987522, 0.003934682812541723, 0.0035762120969593525, 0.002658916637301445, 0.0023304978385567665, 0.002448962302878499, 0.001820427947677672, 0.009616554714739323, 0.003809267422184348, 0.002695420989766717, 0.002177184447646141, 0.001691516488790512, 0.0025792312808334827, 0.007875221781432629, 0.003914442379027605, 0.0046584890224039555], [0.6421354413032532, 0.016674421727657318, 0.002098381519317627, 0.0029658586718142033, 0.002498958958312869, 0.0038147771265357733, 0.00207884656265378, 0.02631390653550625, 0.007541997823864222, 0.0037834267131984234, 0.0024139387533068657, 0.004219089634716511, 0.0033545750193297863, 0.003434394719079137, 0.0027970299124717712, 0.0031053030397742987, 0.00847842637449503, 0.004204500932246447, 0.0030214895959943533, 0.0023735195863991976, 0.004792853724211454, 0.007048648316413164, 0.0059883855283260345, 0.0035732598043978214, 0.002843330381438136, 0.0020972692873328924, 0.002825455041602254, 0.0037891464307904243, 0.002154070883989334, 0.012144920416176319, 0.05272618681192398, 0.08032099157571793, 0.0027869262266904116, 0.0077039934694767, 0.0028242601547390223, 0.001898544025607407, 0.0032244022004306316, 0.00412749033421278, 0.003062752541154623, 0.0024045242462307215, 0.0026640379801392555, 0.0023130145855247974, 0.007777281105518341, 0.002655322663486004, 0.003127438249066472, 0.0025883472990244627, 0.0022749744821339846, 0.0027852552011609077, 0.009242181666195393, 0.004975290969014168, 0.003951230552047491], [0.6582406163215637, 0.005755919497460127, 0.0034343674778938293, 0.005222292151302099, 0.004398646764457226, 0.004054378252476454, 0.004243904259055853, 0.005758149083703756, 0.010895734652876854, 0.008219125680625439, 0.003441048786044121, 0.005701214540749788, 0.005073507782071829, 0.004555094055831432, 0.0040111178532242775, 0.0062070065177977085, 0.0028443585615605116, 0.006648878566920757, 0.0056792255491018295, 0.004082435742020607, 0.0046683973632752895, 0.008676227182149887, 0.019446799531579018, 0.004806955810636282, 0.008928845636546612, 0.0028511020354926586, 0.007127819582819939, 0.005682525224983692, 0.003245291067287326, 0.009666378609836102, 0.009431828744709492, 0.04168205335736275, 0.006167498882859945, 0.0051903859712183475, 0.006757890339940786, 0.004179629031568766, 0.00760076055303216, 0.007892178371548653, 0.006997589021921158, 