{"pred_boxes": [[157.0, 33.0, 810.0, 679.0], [352.0, 125.0, 637.0, 218.0], [185.0, 78.0, 331.0, 228.0], [512.0, 257.0, 640.0, 360.0]], "pred_classes": [149, 114, 111, 111], "pred_rel_inds": [[0, 3], [0, 2], [0, 1], [2, 0], [3, 0], [3, 2], [2, 3], [1, 0], [1, 2], [3, 1], [2, 1], [1, 3]], "obj_scores": [0.3878189027309418, 0.29984933137893677, 0.5917477011680603, 0.6017420291900635], "rel_scores": [[0.43308669328689575, 0.003039049683138728, 0.0007028798572719097, 0.0018320729723200202, 0.0010445354273542762, 0.0034707551822066307, 0.0021904001478105783, 0.0014642563182860613, 0.004194831009954214, 0.0026348447427153587, 0.0013424872886389494, 0.014843578450381756, 0.001879744348116219, 0.00237667397595942, 0.0016105122631415725, 0.0016579566290602088, 0.0015092715620994568, 0.0024468114133924246, 0.0020137731917202473, 0.0017516650259494781, 0.032495442777872086, 0.019003909081220627, 0.03730454295873642, 0.0040642572566866875, 0.0023505857679992914, 0.0015015985118225217, 0.0021980314049869776, 0.002521876711398363, 0.0008705233922228217, 0.0037170839495956898, 0.0035776637960225344, 0.004413737915456295, 0.0018082212191075087, 0.0019380151061341166, 0.0015225028619170189, 0.00149021134711802, 0.0026272356044501066, 0.0035494938492774963, 0.00276099587790668, 0.0014285033103078604, 0.002757201436907053, 0.0017815979663282633, 0.0024402085691690445, 0.002012058161199093, 0.0029613550286740065, 0.0018656222382560372, 0.0019089126726612449, 0.0015526455827057362, 0.31134700775146484, 0.03665238991379738, 0.018483920022845268], [0.4515383839607239, 0.0025334565434604883, 0.0007399922469630837, 0.0019100804347544909, 0.001058372319675982, 0.003398923436179757, 0.0019538349006325006, 0.001494604512117803, 0.0035407834220677614, 0.002612682757899165, 0.0014774180017411709, 0.011760164052248001, 0.0019454252906143665, 0.002656940370798111, 0.0013951834989711642, 0.0017593295779079199, 0.0012924378970637918, 0.002390906447544694, 0.001892615924589336, 0.0017701595788821578, 0.030700989067554474, 0.014765257947146893, 0.04049753397703171, 0.00343870697543025, 0.0022527386900037527, 0.001398957334458828, 0.002141515491530299, 0.0025488717947155237, 0.0009704054682515562, 0.0035405168309807777, 0.004059778526425362, 0.004953719209879637, 0.0018944686744362116, 0.0017297343583777547, 0.0016085493844002485, 0.0014775334857404232, 0.0023260056041181087, 0.0034152623265981674, 0.0027656080201268196, 0.0013989045983180404, 0.002646937733516097, 0.0016555822221562266, 0.0023340906482189894, 0.0015489899087697268, 0.0027427412569522858, 0.0019003613851964474, 0.002033436670899391, 0.0014008365105837584, 0.3055894672870636, 0.0337577760219574, 0.01738300733268261], [0.46330705285072327, 0.009281733073294163, 0.0019277114188298583, 0.004158455412834883, 0.0023689644876867533, 0.004501120187342167, 0.022336099296808243, 0.002344124484807253, 0.003978800494223833, 0.0046270075254142284, 0.0021614497527480125, 0.027564816176891327, 0.0036142654716968536, 0.003622754942625761, 0.0048856912180781364, 0.004649493843317032, 0.0019391273381188512, 0.00440554041415453, 0.0041920640505850315, 0.0031477322336286306, 0.007129251025617123, 0.02099098265171051, 0.011672974564135075, 0.004399345256388187, 0.00918557308614254, 0.004926614463329315, 0.005701951216906309, 0.005107305012643337, 0.0019415960414335132, 0.004403941798955202, 0.0038133319467306137, 0.09305757284164429, 0.004419253673404455, 0.0031274135690182447, 0.003768779570236802, 0.003969552926719189, 0.0047377776354551315, 0.009352088905870914, 0.008746569976210594, 0.003796015167608857, 0.01730741374194622, 0.0338202640414238, 0.004666531924158335, 0.0022412973921746016, 0.007980834692716599, 0.008098822087049484, 0.08467871695756912, 0.003911310341209173, 0.02265917882323265, 0.015356400050222874, 0.006017491687089205], [0.7147477269172668, 0.003357687033712864, 0.002031520940363407, 0.0031613153405487537, 0.003343454794958234, 0.003901850199326873, 0.0019060963531956077, 0.00543568842113018, 0.016463786363601685, 0.003486724104732275, 0.0034042883198708296, 0.006260733585804701, 0.004605375230312347, 0.00563318794593215, 0.002971748821437359, 0.004445735830813646, 0.003023369936272502, 0.005461635999381542, 0.00291186454705894, 0.0025815910194069147, 0.007940216921269894, 0.010573722422122955, 0.007660565432161093, 0.005078746937215328, 0.004000298213213682, 0.0011367116821929812, 0.004609971772879362, 0.004894894082099199, 0.002204317133873701, 0.006271191406995058, 0.01628512144088745, 0.04333145543932915, 0.002809881465509534, 0.00197717547416687, 0.005208893213421106, 0.0016283724689856172, 0.004106913227587938, 0.006245276425033808, 0.004210509359836578, 0.0027216142043471336, 0.002802158473059535, 0.0020513534545898438, 0.005212632939219475, 0.0030751146841794252, 0.0037204225081950426, 0.0029653352685272694, 0.0014840915100649, 0.0022782732266932726, 0.019390979781746864, 0.007944939658045769, 0.00704327505081892], [0.7210907936096191, 0.002803289331495762, 0.0018571829423308372, 0.0034574628807604313, 0.003052739892154932, 0.004120124503970146, 0.0017349754925817251, 0.004878366831690073, 0.015547100454568863, 0.0036448119208216667, 0.0031556906178593636, 0.007371300365775824, 0.004310562741011381, 0.0047934092581272125, 0.0034106059465557337, 0.005058086011558771, 0.0026982324197888374, 0.0062310174107551575, 0.0029693045653402805, 0.0022806061897426844, 0.007809057366102934, 0.009606610052287579, 0.005760886240750551, 0.0047811600379645824, 0.004161350894719362, 0.0010899744229391217, 0.004726707004010677, 0.004897011909633875, 0.001933724619448185, 0.0057547688484191895, 0.016001885756850243, 0.039418432861566544, 0.0029749167151749134, 0.001702966750599444, 0.005509156733751297, 0.001625406788662076, 0.004039605613797903, 0.006893168203532696, 0.004542743321508169, 0.002845990704372525, 0.002745474223047495, 0.0023625679314136505, 0.005386482458561659, 0.0024817558005452156, 0.00407213531434536, 0.002951790811493993, 0.0016826674109324813, 0.0024166025687009096, 0.019732413813471794, 0.00853082537651062, 0.007096039596945047], [0.9036849141120911, 0.0019951306749135256, 0.0004513368185143918, 0.0008902894915081561, 0.0007613124907948077, 0.002165154553949833, 0.0005204578628763556, 0.0020491727627813816, 0.007978961803019047, 0.000953830371145159, 0.0016114957397803664, 0.002558948704972863, 0.001114729093387723, 0.0016533288871869445, 0.0007518367492593825, 0.0007130715530365705, 0.002574687357991934, 0.0019179281080141664, 0.0008517168462276459, 0.0011074115755036473, 0.00517166405916214, 0.004953562747687101, 0.0029695818666368723, 0.0028486924711614847, 0.0007076809997670352, 0.00040264384006150067, 0.0007495687459595501, 0.0016216892981901765, 0.0006170484120957553, 0.005064274650067091, 0.004993947222828865, 0.005063299089670181, 0.0006974240532144904, 0.001104442635551095, 0.0007992117898538709, 0.00046396467951126397, 0.0009880380239337683, 0.0009081258904188871, 0.0008034883067011833, 0.0006847837357781827, 0.0008204648620449007, 0.00036630104295909405, 0.0012842707801610231, 0.004357587080448866, 0.0008262785850092769, 0.0003783856227528304, 0.0003510907117743045, 0.0005192928365431726, 0.006744967307895422, 0.0022339937277138233, 0.004198702983558178], [0.9262533783912659, 0.002224066061899066, 0.0002993080415762961, 0.0004989588051103055, 0.0005092581268399954, 0.0014566888567060232, 0.0003181435458827764, 0.0017162893200293183, 0.007860226556658745, 0.0006073372787795961, 0.001064562238752842, 0.0012856557732447982, 0.0007988819852471352, 0.0011883797124028206, 0.00047475731116719544, 0.000321441562846303, 0.0021555102430284023, 0.0012003154261037707, 0.0005685559008270502, 0.0007596626528538764, 0.004250618629157543, 0.004331008065491915, 0.0028622355312108994, 0.002159198047593236, 0.0004364102496765554, 0.00023573324142489582, 0.00043898323201574385, 0.0009428152698092163, 0.000407598476158455, 0.0039064520969986916, 0.003569110995158553, 0.004521349910646677, 0.00037397275445982814, 