{"pred_boxes": [[157.0, 33.0, 810.0, 679.0], [352.0, 125.0, 637.0, 218.0], [185.0, 78.0, 331.0, 228.0], [512.0, 257.0, 640.0, 360.0]], "pred_classes": [110, 6, 15, 19], "pred_rel_inds": [[2, 0], [1, 0], [3, 0], [2, 1], [1, 3], [2, 3], [0, 2], [3, 2], [3, 1], [0, 1], [0, 3], [1, 2]], "obj_scores": [1.0, 1.0, 1.0, 1.0], "rel_scores": [[0.44338127970695496, 0.040292974561452866, 0.003040127456188202, 0.004163604695349932, 0.004074362106621265, 0.004191006999462843, 0.003408496268093586, 0.004836041945964098, 0.009888332337141037, 0.004691082984209061, 0.0036990903317928314, 0.006987177301198244, 0.00481560779735446, 0.0050877900794148445, 0.003778767539188266, 0.00539481220766902, 0.003038818947970867, 0.0055179474875330925, 0.004119993653148413, 0.003499275539070368, 0.006008907686918974, 0.00865856185555458, 0.05305808410048485, 0.0064137177541852, 0.005693182349205017, 0.002281385473906994, 0.005845270119607449, 0.005071244668215513, 0.0029199295677244663, 0.0052282256074249744, 0.010126618668437004, 0.20202302932739258, 0.004096712917089462, 0.002826974494382739, 0.005670370068401098, 0.003224613843485713, 0.005120261572301388, 0.007095114793628454, 0.005819704849272966, 0.0036975014954805374, 0.02643730491399765, 0.003753573400899768, 0.0057241953909397125, 0.0038251953665167093, 0.004809870384633541, 0.004736133851110935, 0.003456591861322522, 0.00357251800596714, 0.012254253029823303, 0.007175146136432886, 0.005469226744025946], [0.5553721785545349, 0.04320491477847099, 0.0018109329976141453, 0.0030079763382673264, 0.00240582344122231, 0.0035097552463412285, 0.0018052048981189728, 0.005292405374348164, 0.009928409941494465, 0.004541861359030008, 0.0028455720748752356, 0.004976256750524044, 0.0037213079631328583, 0.0036512580700218678, 0.0028451462276279926, 0.0034906265791505575, 0.002551965182647109, 0.0044398740865290165, 0.0029180580750107765, 0.0026735602878034115, 0.01913358084857464, 0.00897426437586546, 0.02251487970352173, 0.00398233812302351, 0.004144834354519844, 0.0013483770890161395, 0.003760327585041523, 0.0037552709691226482, 0.002057528356090188, 0.005219044629484415, 0.0050159841775894165, 0.1588776707649231, 0.0034527212847024202, 0.0019527809927240014, 0.004515175707638264, 0.00177017692476511, 0.0045955548994243145, 0.0046487548388540745, 0.004034257493913174, 0.0023481021635234356, 0.02633555606007576, 0.002396494382992387, 0.0042367554269731045, 0.00231957552023232, 0.0028093631844967604, 0.002775858622044325, 0.001985443290323019, 0.0025560397189110518, 0.012791826389729977, 0.005833990406244993, 0.004864276386797428], [0.5381532907485962, 0.028811264783143997, 0.002460852498188615, 0.004111303016543388, 0.0034765424206852913, 0.004299690946936607, 0.0026715395506471395, 0.004691990092396736, 0.01070963591337204, 0.004510377533733845, 0.0033247179817408323, 0.007905502803623676, 0.004459104035049677, 0.004467665683478117, 0.0038804428186267614, 0.005465539637953043, 0.0027534926775842905, 0.006047484930604696, 0.0037757365498691797, 0.0028919691685587168, 0.0064914110116660595, 0.008907221257686615, 0.023937752470374107, 0.010711804032325745, 0.01212390698492527, 0.0018076497362926602, 0.005560715217143297, 0.00505433464422822, 0.0023973325733095407, 0.0050536529161036015, 0.011642782017588615, 0.14124099910259247, 0.00384469679556787, 0.002273107413202524, 0.005683115217834711, 0.002616314450278878, 0.004692000802606344, 0.00715838884934783, 0.005682137329131365, 0.0034992762375622988, 0.02303498238325119, 0.003508480731397867, 0.00553511269390583, 0.005686430726200342, 0.004772316198796034, 0.004027073737233877, 0.0029666805639863014, 0.003212507115676999, 0.014165418222546577, 0.007968216203153133, 0.005875980481505394], [0.6963589787483215, 0.004270955920219421, 0.0021071326918900013, 0.002860032254830003, 0.0029711565002799034, 0.003774558426812291, 0.0025846075732260942, 0.0035698791034519672, 0.007995085790753365, 0.002591982949525118, 0.0031020021997392178, 0.005518380086869001, 0.0030228248797357082, 0.0034254370257258415, 0.002812978345900774, 0.002649457659572363, 0.003245644737035036, 0.0037205147091299295, 0.0029496941715478897, 0.002866873051971197, 0.006505483761429787, 0.00785735622048378, 0.12739647924900055, 0.004426917526870966, 0.0030110948719084263, 0.0019899425096809864, 0.003004583064466715, 0.0035548254381865263, 0.0019573005847632885, 0.005972142331302166, 0.004171482753008604, 0.005382738541811705, 0.0023140825796872377, 0.0031353638041764498, 0.00260559213347733, 0.0023375784512609243, 0.002798553090542555, 0.003445392707362771, 0.0034406641498208046, 0.0021994435228407383, 0.003271740162745118, 0.0023180185817182064, 0.003409031545743346, 0.003502233885228634, 0.0031245790887624025, 0.0023992760106921196, 0.002421349985525012, 0.002106455387547612, 0.008014491759240627, 0.004403690807521343, 0.005123778712004423], [0.8503891229629517, 0.003049721010029316, 0.0006107538938522339, 0.0009346650331281126, 0.0009030482033267617, 0.0019232627237215638, 0.0005577809060923755, 0.0027592533733695745, 0.0680343508720398, 0.0014450954040512443, 0.0013983321841806173, 0.0015914691612124443, 0.001424037734977901, 0.001774603151716292, 0.00082372035831213, 0.0006863728049211204, 0.002462098840624094, 0.0018141501350328326, 0.0010620637331157923, 0.0012938096188008785, 0.00414256053045392, 0.004827276803553104, 0.0033799908123910427, 0.002558842534199357, 0.0008741597994230688, 0.0004526016709860414, 0.0008228056831285357, 0.001380397123284638, 0.0007566701387986541, 0.00464257039129734, 0.00354373874142766, 0.0035401450004428625, 0.0008299006731249392, 0.00171379535458982, 0.0009282001410610974, 0.0005191003438085318, 0.001438245759345591, 0.0008975967648439109, 0.0008615089464001358, 0.0006822944851592183, 0.0009835944510996342, 0.000521065026987344, 0.0013874158030375838, 0.0022633709013462067, 0.0007186707225628197, 0.0005000706878490746, 0.00041362858610227704, 0.0006331109325401485, 0.004070396069437265, 0.001600694959051907, 0.003177792765200138], [0.799168050289154, 0.025091417133808136, 0.0008310971898026764, 0.0011814552126452327, 0.0011927298037335277, 0.0023753438144922256, 0.000922919949516654, 0.002423220546916127, 0.006846204400062561, 0.001362806768156588, 0.0018503132741898298, 0.002512142062187195, 0.0016273596556857228, 0.0021334795746952295, 0.001145295798778534, 0.0009420662536285818, 0.0027228144463151693, 0.0020838945638388395, 0.0013174638152122498, 0.001563063240610063, 0.004964442458003759, 0.005370812024921179, 0.05913499370217323, 0.0030434802174568176, 0.0011381665244698524, 0.0007525972323492169, 0.001115454942919314, 0.0017948094755411148, 0.0009736099164001644, 0.024224473163485527, 0.003440300701186061, 0.003526388667523861, 0.0010042957728728652, 0.001932542072609067, 0.0011037092190235853, 0.0007491324795410037, 0.0014911810867488384, 0.0012738403165712953, 0.0011766343377530575, 0.0009215572499670088, 0.001369733945466578, 0.0007273887749761343, 0.001642360002733767, 0.003056024666875601, 0.0011761928908526897, 0.0007655650842934847, 0.0006606192328035831, 0.0008866468560881913, 0.005131557583808899, 0.0021319682709872723, 0.004026380833238363], [0.7374840974807739, 0.003084201831370592, 0.0010641647968441248, 0.0022161812521517277, 0.001435868558473885, 0.004055002238601446, 0.0017507285811007023, 0.0026555564254522324, 0.0054925610311329365, 0.0028644148260354996, 0.002372535178437829, 0.0077659972012043, 0.002638142090290785, 0.0034923881758004427, 0.0018226264510303736, 0.001973791979253292, 0.0033000025432556868, 0.0030684107914566994, 0.0021875679958611727, 0.0023482039105147123, 0.04615200683474541, 0.03561929985880852, 0.00542810745537281, 0.0043600741773843765, 0.0021629140246659517, 0.0014671027893200517, 0.002179189119488001, 0.0030837063677608967, 0.0014121959684416652, 0.004974754527211189, 0.01608886383473873, 0.004714570939540863, 0.0022234912030398846, 0.002194800181314349, 0.0020913651678711176, 0.0014394675381481647, 0.0027990280650556087, 