{"pred_boxes": [[0.0, 412.0, 1023.0, 666.0], [820.0, 391.0, 890.0, 471.0]], "pred_classes": [36, 34], "pred_rel_inds": [[1, 0], [0, 1]], "obj_scores": [1.0, 1.0], "rel_scores": [[0.5610601902008057, 0.04084942117333412, 0.002181027317419648, 0.003218863159418106, 0.002931135008111596, 0.004306041169911623, 0.0020615255925804377, 0.004898895043879747, 0.011162868700921535, 0.004184771329164505, 0.0034300414845347404, 0.004512582439929247, 0.004493721295148134, 0.004064096603542566, 0.003188972594216466, 0.0033127274364233017, 0.003429086646065116, 0.0050672502256929874, 0.0034805384930223227, 0.0028312020003795624, 0.005728390999138355, 0.008020575158298016, 0.006021127570420504, 0.0040639727376401424, 0.0042841676622629166, 0.001951874466612935, 0.0038302100729197264, 0.004268890246748924, 0.0024732688907533884, 0.005839306395500898, 0.00554491626098752, 0.1671878546476364, 0.00331461732275784, 0.002684372942894697, 0.004053142853081226, 0.0022081334609538317, 0.004208986647427082, 0.004325222223997116, 0.004068695940077305, 0.0027664927765727043, 0.02911195531487465, 0.0025790189392864704, 0.004123279359191656, 0.0031318156979978085, 0.003286059247329831, 0.0028293055947870016, 0.0024928301572799683, 0.0025757215917110443, 0.009339590556919575, 0.005754692479968071, 0.013266468420624733], [0.847552478313446, 0.002950749360024929, 0.0006165406666696072, 0.0015140071045607328, 0.0009311627363786101, 0.003482239553704858, 0.0007969572907313704, 0.0036912132054567337, 0.008527404628694057, 0.0024821816477924585, 0.0026051546446979046, 0.0032128039747476578, 0.0019944109953939915, 0.002650299109518528, 0.0012363543501123786, 0.0009715266642160714, 0.0036996006965637207, 0.002997305244207382, 0.0015169525286182761, 0.0017319567268714309, 0.02183331735432148, 0.008730417117476463, 0.00484826136380434, 0.004762593191117048, 0.0014341359492391348, 0.0008299500914290547, 0.0011707487283274531, 0.002219393150880933, 0.0011188678909093142, 0.005943018477410078, 0.006365915760397911, 0.0052909692749381065, 0.0015333315823227167, 0.001773230149410665, 0.0013399245217442513, 0.0006219181232154369, 0.002343039959669113, 0.0012790575856342912, 0.001334837987087667, 0.0010066262912005186, 0.0013830212410539389, 0.0006789571489207447, 0.0020358585752546787, 0.005749606527388096, 0.001150920637883246, 0.0007349367951974273, 0.0005461997934617102, 0.000871905533131212, 0.007360945921391249, 0.002859329106286168, 0.00568759348243475]]}